customer_id,age,gender,region,purchase_count,total_amount,avg_rating,is_premium,signup_date
1,45,F,서울,6,288279,3.1,0,2023-01-21
2,55,F,서울,4,857925,4.38,1,2023-03-27
3,20,M,서울,10,196596,4.07,0,2023-01-15
4,27,F,경기,8,804561,4.92,0,2023-02-19
5,68,F,서울,5,369178,5.0,0,2023-10-31
6,54,M,부산,6,826814,3.59,1,2023-11-01
7,34,F,경기,1,65795,2.57,0,2023-07-15
8,66,M,서울,10,901146,4.62,1,2023-12-30
9,41,F,서울,12,535307,4.0,0,2023-10-28
10,33,F,서울,3,268961,5.0,1,2023-10-15
11,45,M,대구,8,71997,1.99,0,2023-09-02
12,47,M,서울,10,145865,1.82,0,2023-12-19
13,42,F,부산,3,403670,1.48,0,2023-07-20
14,33,F,대구,7,162199,3.76,0,2023-07-12
15,43,F,부산,8,400284,4.96,0,2023-12-02
16,21,M,대구,5,72328,1.01,1,2023-05-26
17,64,F,경기,5,983974,4.1,1,2023-11-06
18,45,M,기타,10,175181,3.63,1,2023-05-07
19,33,M,서울,2,85877,4.43,0,2023-06-24
20,26,F,서울,5,267758,3.12,0,2023-05-14
21,22,M,부산,5,21809,4.28,0,2023-03-07
22,66,F,기타,3,7995,1.38,0,2023-12-31
23,42,F,대구,7,181498,4.22,1,2023-10-06
24,65,F,서울,4,231701,2.77,0,2023-09-03
25,62,F,서울,3,1429083,3.61,1,2023-12-29
26,66,F,기타,8,562090,4.49,0,2023-08-25
27,64,M,서울,4,404532,2.59,1,2023-06-20
28,37,M,대구,4,11327,1.74,0,2023-02-20
29,57,F,대구,2,459757,3.93,1,2023-11-24
30,54,F,경기,5,366026,3.33,0,2023-12-25
31,34,M,경기,6,124275,3.06,0,2023-06-02
32,44,M,경기,6,70638,2.03,1,2023-03-21
33,56,M,서울,4,97955,1.64,0,2023-05-25
34,47,M,대구,3,442982,2.64,0,2023-10-01
35,29,F,경기,3,129810,1.63,0,2023-06-04
36,58,F,대구,5,501364,4.82,0,2023-12-03
37,36,M,서울,4,115488,1.67,0,2023-12-29
38,58,F,기타,5,53578,2.93,0,2023-11-21
39,41,M,경기,9,171730,1.21,0,2023-12-02
40,45,F,서울,10,180594,2.08,0,2023-05-23
41,63,M,서울,4,4872,4.14,0,2023-10-25
42,44,F,부산,8,37344,3.79,0,2023-02-03
43,36,M,부산,2,122686,1.13,1,2023-10-31
44,32,M,대구,7,72344,1.0,1,2023-08-27
45,39,F,서울,3,125349,2.02,0,2023-05-18
46,44,M,서울,11,1002507,4.55,0,2023-09-11
47,23,F,경기,3,213529,3.54,0,2023-01-05
48,29,F,경기,5,592601,1.35,1,2023-06-25
49,22,M,경기,3,132197,2.95,0,2023-08-02
50,60,F,기타,7,117241,4.05,0,2023-12-30
51,64,F,기타,3,7026,4.68,0,2023-01-23
52,37,F,기타,6,208144,4.94,0,2023-11-14
53,66,F,대구,6,198267,2.51,0,2023-01-13
54,55,F,경기,3,51532,1.74,0,2023-08-29
55,66,M,경기,2,433589,1.95,0,2023-10-03
56,41,F,경기,6,203581,4.3,0,2023-04-02
57,53,F,대구,8,124198,5.0,0,2023-04-18
58,66,F,서울,5,95333,3.57,1,2023-08-17
59,27,F,경기,10,240996,2.42,0,2023-06-01
60,59,F,서울,4,419288,3.42,0,2023-04-18
61,68,M,경기,1,99385,2.22,0,2023-10-16
62,63,F,대구,4,74075,2.23,0,2023-06-25
63,38,M,대구,7,221403,3.38,0,2023-11-16
64,61,M,서울,7,50648,1.56,0,2023-10-13
65,60,M,기타,6,659071,2.04,1,2023-12-30
66,56,M,부산,7,278922,3.65,0,2023-11-25
67,25,F,서울,7,27333,1.83,0,2023-12-31
68,45,M,서울,4,11161,1.83,0,2023-08-29
69,53,M,서울,2,290503,2.67,0,2023-05-25
70,64,F,서울,9,209134,5.0,1,2023-12-22
71,25,F,기타,1,27124,4.26,0,2023-01-14
72,56,F,경기,5,427422,1.29,0,2023-10-02
73,52,M,대구,7,226165,3.01,1,2023-03-12
74,41,F,경기,5,369267,2.3,1,2023-11-11
75,40,F,서울,10,81076,4.29,0,2023-07-14
76,25,M,경기,6,296108,3.89,0,2023-12-19
77,25,F,서울,7,107641,5.0,0,2023-10-27
78,67,F,경기,5,1032802,3.1,0,2023-01-11
79,23,F,기타,3,728308,5.0,1,2023-04-16
80,49,F,경기,11,44106,5.0,0,2023-09-15
81,30,M,부산,5,161713,4.53,0,2023-07-15
82,49,F,서울,10,146045,4.0,0,2023-05-25
83,50,F,서울,12,229230,3.29,0,2023-08-08
84,43,M,서울,7,553416,2.96,0,2023-12-16
85,28,F,부산,6,525409,1.25,1,2023-06-23
86,22,M,서울,2,19060,2.5,0,2023-08-04
87,50,F,경기,2,319625,4.08,0,2023-04-03
88,59,M,부산,8,4980,3.41,1,2023-09-17
89,56,M,경기,3,454184,4.67,0,2023-03-04
90,55,M,서울,5,659112,1.7,1,2023-01-29
91,43,M,서울,5,110792,2.12,0,2023-10-02
92,50,F,기타,5,103781,4.36,0,2023-12-13
93,25,M,부산,3,480252,2.43,0,2023-10-12
94,21,F,경기,4,917646,1.67,1,2023-03-11
95,39,M,서울,5,130299,5.0,0,2023-10-06
96,47,M,기타,8,106552,4.15,0,2023-08-19
97,30,M,부산,6,492349,2.63,1,2023-10-29
98,23,F,경기,8,2520,4.49,0,2023-09-12
99,34,M,대구,7,25885,3.72,0,2023-06-21
100,25,F,서울,6,40461,4.86,0,2023-06-29
101,68,F,경기,8,61522,4.46,0,2023-09-21
102,49,F,부산,11,215243,1.54,0,2023-07-02
103,57,F,서울,6,1457706,4.19,0,2023-11-18
104,21,F,기타,7,634390,1.23,1,2023-07-24
105,34,F,부산,8,37955,1.37,1,2023-09-06
106,30,F,부산,2,223698,4.82,0,2023-08-01
107,27,F,서울,3,411876,3.81,1,2023-06-08
108,45,F,서울,4,46704,4.64,0,2023-04-10
109,64,M,경기,4,758742,4.35,0,2023-11-13
110,63,M,대구,7,174356,4.8,0,2023-04-22
111,24,M,서울,7,1564145,4.98,0,2023-11-04
112,25,M,경기,9,326911,2.93,1,2023-06-15
113,45,M,부산,8,280916,2.34,0,2023-02-05
114,23,F,서울,2,33200,2.32,0,2023-04-22
115,38,F,부산,4,181666,2.8,0,2023-03-28
116,39,F,서울,9,81844,3.17,0,2023-07-02
117,52,F,기타,3,541572,3.44,0,2023-03-26
118,39,F,경기,3,459631,3.86,0,2023-09-26
119,68,F,서울,9,521488,5.0,0,2023-06-14
120,31,F,경기,3,771564,4.11,1,2023-10-30
121,66,M,경기,7,536360,3.57,0,2023-03-31
122,20,M,대구,7,67254,2.34,0,2023-08-26
123,45,M,부산,5,180468,1.14,0,2023-01-22
124,33,M,부산,4,706295,2.15,1,2023-06-16
125,57,F,서울,1,304330,4.77,0,2023-08-03
126,56,F,서울,3,756018,2.52,1,2023-02-27
127,30,F,서울,5,152361,4.55,1,2023-01-30
128,55,M,부산,5,62174,3.32,1,2023-04-16
129,32,F,대구,6,1491952,1.89,1,2023-11-26
130,62,F,경기,1,492823,2.25,1,2023-06-16
131,22,F,서울,6,50109,3.69,0,2023-12-16
132,52,M,부산,6,946289,2.67,1,2023-06-03
133,25,F,대구,1,739284,4.31,0,2023-11-23
134,69,M,부산,3,111482,3.94,1,2023-01-07
135,29,M,대구,6,510158,3.3,0,2023-07-16
136,24,M,서울,8,811928,4.79,0,2023-11-17
137,42,M,서울,10,835941,3.75,0,2023-02-15
138,29,F,대구,8,736569,5.0,0,2023-01-18
139,63,M,부산,8,237176,1.87,0,2023-06-02
140,21,M,경기,2,132115,3.86,0,2023-09-21
141,32,F,부산,6,4380,2.68,1,2023-03-15
142,59,F,대구,4,18854,2.32,0,2023-05-25
143,21,M,부산,8,168025,1.72,0,2023-04-12
144,39,F,부산,11,305822,3.41,1,2023-12-01
145,20,M,경기,2,61265,1.86,0,2023-12-01
146,56,M,경기,5,150996,1.8,0,2023-05-01
147,28,M,경기,10,57584,4.96,0,2023-06-25
148,36,M,대구,4,1133456,4.21,1,2023-03-04
149,28,F,대구,8,106230,4.19,0,2023-10-23
150,30,M,대구,4,273812,4.18,0,2023-03-25
151,34,F,서울,3,209655,5.0,0,2023-01-15
152,43,F,부산,8,15983,3.49,0,2023-12-21
153,57,F,대구,7,855405,2.08,0,2023-05-14
154,54,F,부산,4,449483,4.65,1,2023-05-01
155,49,M,대구,9,235877,3.97,1,2023-11-15
156,50,F,대구,4,51638,2.86,0,2023-05-08
157,68,M,경기,3,123986,2.89,0,2023-10-15
158,24,F,경기,4,12435,2.85,1,2023-10-28
159,63,F,서울,6,135559,5.0,0,2023-06-29
160,69,M,경기,6,227457,2.37,0,2023-03-23
161,33,M,부산,8,616404,4.85,0,2023-01-13
162,30,M,대구,7,348825,4.64,0,2023-01-24
163,28,F,서울,2,70988,4.22,1,2023-06-17
164,53,F,서울,6,47961,4.02,0,2023-09-27
165,31,M,부산,4,167650,2.48,0,2023-03-11
166,54,M,서울,2,65338,1.57,0,2023-11-14
167,54,M,서울,9,16947,2.01,1,2023-03-30
168,20,M,서울,5,490450,4.52,0,2023-07-08
169,59,F,서울,3,5915,3.59,0,2023-09-14
170,41,M,서울,4,532806,2.1,0,2023-08-05
171,48,M,경기,8,46682,2.06,0,2023-02-01
172,27,M,경기,3,1102829,4.79,0,2023-05-21
173,30,M,대구,6,277807,2.47,0,2023-06-10
174,60,F,경기,5,398388,4.83,0,2023-02-01
175,56,M,부산,2,35123,2.22,0,2023-11-08
176,33,F,서울,7,1188754,3.87,1,2023-06-01
177,49,M,서울,8,548264,1.58,0,2023-12-13
178,54,M,부산,5,317523,3.09,0,2023-09-17
179,40,F,서울,10,209312,4.25,0,2023-08-04
180,56,M,경기,3,383490,1.94,0,2023-10-06
181,24,F,부산,5,1784,3.52,0,2023-10-12
182,38,F,부산,5,538541,3.79,1,2023-04-08
183,33,M,서울,4,1127985,4.25,1,2023-01-30
184,45,F,경기,5,132436,4.31,0,2023-03-31
185,23,F,부산,3,34384,2.45,0,2023-05-28
186,44,F,서울,7,163872,3.97,0,2023-05-24
187,64,F,부산,5,389600,5.0,0,2023-03-08
188,61,F,부산,6,34052,4.79,0,2023-12-23
189,44,F,기타,8,69220,5.0,0,2023-02-27
190,37,F,서울,6,95786,3.24,1,2023-10-08
191,59,F,대구,6,478288,4.35,0,2023-10-06
192,27,M,경기,7,19487,3.48,0,2023-08-24
193,58,M,경기,2,696139,1.33,1,2023-12-19
194,59,F,서울,5,136928,5.0,0,2023-05-08
195,33,M,부산,3,422920,3.71,0,2023-12-03
196,51,F,서울,1,1000483,2.5,0,2023-07-28
197,57,F,경기,8,36496,1.52,0,2023-07-05
198,52,M,서울,0,226463,4.85,1,2023-06-18
199,42,F,대구,6,996835,1.52,1,2023-06-21
200,34,F,대구,3,185677,1.57,1,2023-09-17
201,52,F,부산,3,145335,2.91,1,2023-07-24
202,44,F,서울,4,523539,2.24,0,2023-05-15
203,36,M,서울,3,2609497,5.0,1,2023-02-15
204,52,F,부산,8,488350,3.08,1,2023-01-09
205,66,F,경기,6,97739,3.48,0,2023-06-10
206,21,F,서울,4,152532,5.0,0,2023-10-16
207,33,M,부산,6,55946,3.12,0,2023-12-06
208,59,F,기타,5,430503,2.61,0,2023-11-17
209,59,M,부산,1,445469,4.19,0,2023-04-16
210,58,M,부산,3,1248246,2.77,1,2023-10-17
211,25,F,기타,3,16178,2.47,1,2023-12-07
212,25,F,서울,3,247648,4.59,0,2023-03-29
213,22,M,부산,9,72337,4.21,0,2023-07-11
214,26,F,기타,2,250113,4.37,1,2023-06-02
215,27,M,서울,3,461073,5.0,0,2023-11-07
216,61,M,부산,5,63970,4.15,0,2023-05-17
217,34,F,부산,4,610233,4.28,1,2023-09-30
218,66,F,부산,3,637773,4.63,1,2023-05-29
219,48,M,부산,5,1848695,1.0,1,2023-07-07
220,52,M,기타,0,447711,2.45,0,2023-05-21
221,49,M,대구,4,488334,3.95,0,2023-05-11
222,58,M,서울,7,455061,3.9,1,2023-01-04
223,46,F,대구,6,62026,1.91,0,2023-09-20
224,55,F,서울,3,332619,2.91,1,2023-01-26
225,48,F,경기,13,239212,2.55,0,2023-01-24
226,57,F,경기,2,340352,3.47,0,2023-09-23
227,52,F,경기,6,280725,4.53,0,2023-08-17
228,56,M,경기,11,150252,4.73,0,2023-09-26
229,46,F,기타,5,184987,4.2,1,2023-05-05
230,52,F,부산,5,55260,4.57,0,2023-06-21
231,23,F,부산,6,710199,3.08,1,2023-08-22
232,41,F,서울,6,622057,3.26,1,2023-10-22
233,21,F,기타,3,348823,2.77,0,2023-10-02
234,29,M,기타,10,279633,3.46,1,2023-03-17
235,24,M,대구,2,91309,1.5,0,2023-11-04
236,29,M,서울,4,855574,3.82,1,2023-08-02
237,52,F,서울,7,445698,4.36,0,2023-06-07
238,57,M,서울,6,182430,3.26,0,2023-10-29
239,32,M,서울,7,283951,5.0,0,2023-07-23
240,50,F,경기,5,140291,3.63,0,2023-05-29
241,66,F,기타,7,726291,2.08,1,2023-03-16
242,55,F,경기,1,541858,3.12,0,2023-08-17
243,64,M,서울,6,349650,4.2,0,2023-10-31
244,43,M,서울,7,215590,2.79,0,2023-03-03
245,34,F,서울,15,368222,2.02,1,2023-02-27
246,48,F,서울,8,308435,4.03,0,2023-10-01
247,27,M,서울,3,341653,5.0,0,2023-04-18
248,24,M,서울,2,245429,3.44,0,2023-07-06
249,48,F,대구,7,294203,4.82,0,2023-08-17
250,66,F,기타,7,60946,4.54,1,2023-02-17
251,23,M,경기,3,1819009,1.59,1,2023-11-15
252,31,F,경기,3,938601,4.03,1,2023-09-25
253,64,M,대구,4,140487,2.74,0,2023-08-03
254,21,M,서울,2,496436,2.5,1,2023-10-17
255,46,M,서울,5,14544,4.25,0,2023-09-11
256,50,M,대구,5,25261,3.97,1,2023-12-24
257,55,F,서울,7,86624,2.42,0,2023-03-28
258,55,F,부산,5,351066,4.86,0,2023-06-30
259,45,M,부산,9,573463,4.0,0,2023-01-25
260,62,M,경기,2,245740,4.73,0,2023-08-10
261,46,M,경기,8,227871,2.27,0,2023-02-18
262,24,M,대구,4,308809,4.76,1,2023-11-30
263,39,M,서울,2,52877,2.97,0,2023-06-24
264,30,F,서울,6,75579,1.92,1,2023-11-07
265,29,F,부산,3,428986,4.25,0,2023-10-01
266,59,F,경기,3,787265,4.01,0,2023-02-04
267,57,F,서울,4,367807,4.09,1,2023-08-05
268,25,M,대구,4,323154,2.96,0,2023-07-28
269,27,M,경기,5,737623,1.13,0,2023-06-09
270,42,M,대구,6,56661,3.5,1,2023-01-07
271,66,M,대구,6,441531,2.67,0,2023-09-26
272,45,M,부산,6,287773,3.24,0,2023-05-06
273,65,F,경기,7,547734,2.92,1,2023-11-21
274,62,M,기타,9,103822,4.86,0,2023-12-22
275,31,F,서울,3,691005,4.12,1,2023-03-31
276,45,F,부산,6,475128,4.2,0,2023-02-11
277,32,F,서울,3,35925,5.0,0,2023-12-31
278,59,F,경기,4,228763,3.57,0,2023-06-08
279,37,M,경기,5,64060,1.05,1,2023-07-21
280,44,F,기타,4,618066,1.34,0,2023-10-09
281,52,F,기타,5,425123,4.01,1,2023-11-28
282,66,F,서울,10,495024,2.82,0,2023-10-15
283,59,M,서울,5,137700,3.82,0,2023-04-01
284,62,M,부산,5,80172,1.81,1,2023-05-05
285,31,M,경기,7,12715,2.08,0,2023-05-06
286,63,F,서울,5,99181,3.72,0,2023-02-21
287,55,F,부산,7,84007,5.0,0,2023-04-13
288,67,M,경기,3,246534,3.47,0,2023-12-27
289,23,F,기타,3,6594,4.94,0,2023-07-06
290,24,M,서울,6,220548,5.0,0,2023-07-24
291,56,M,경기,4,149162,1.83,0,2023-01-14
292,27,F,경기,4,258202,2.44,0,2023-04-14
293,61,F,대구,2,363619,4.28,0,2023-04-27
294,68,F,경기,2,301612,4.67,0,2023-10-31
295,47,F,부산,5,2505764,3.28,1,2023-04-03
296,50,M,서울,4,89285,5.0,1,2023-05-24
297,28,M,대구,6,168497,1.05,0,2023-04-20
298,48,M,경기,6,165927,2.2,0,2023-06-12
299,33,M,서울,5,323796,3.99,1,2023-02-22
300,59,M,부산,4,327013,2.88,0,2023-01-03
301,60,F,서울,5,201902,2.17,0,2023-03-09
302,41,M,서울,10,218590,2.97,0,2023-09-03
303,30,M,대구,4,339756,1.1,1,2023-05-18
304,42,M,경기,4,1437430,3.57,0,2023-11-04
305,20,F,부산,2,1575009,4.77,1,2023-12-18
306,65,F,서울,3,220662,5.0,1,2023-10-14
307,56,F,대구,6,35498,4.0,0,2023-03-07
308,40,F,서울,6,1098667,3.56,1,2023-12-13
309,45,M,경기,5,1760270,3.05,0,2023-11-21
310,65,M,기타,4,103851,1.55,0,2023-06-04
311,55,F,대구,3,132850,2.56,0,2023-03-28
312,42,F,경기,10,852302,1.95,0,2023-02-02
313,20,M,경기,4,372533,4.28,0,2023-03-09
314,59,M,대구,8,105139,4.66,0,2023-07-06
315,34,F,경기,4,260999,3.35,0,2023-07-11
316,40,F,대구,6,865953,4.11,0,2023-08-01
317,66,F,대구,1,501096,1.69,0,2023-03-29
318,28,F,서울,3,812489,4.13,1,2023-12-17
319,28,M,서울,8,400676,4.31,0,2023-04-18
320,29,M,부산,6,58812,2.81,0,2023-08-28
321,45,M,서울,8,522345,2.47,0,2023-08-04
322,60,F,서울,9,96938,5.0,0,2023-06-26
323,54,F,기타,4,799354,4.17,0,2023-02-22
324,44,M,부산,5,136069,4.6,0,2023-11-26
325,45,M,대구,10,584862,4.27,0,2023-02-18
326,30,M,부산,3,92869,4.96,0,2023-04-24
327,57,M,부산,2,433579,1.77,1,2023-04-05
328,21,F,서울,2,67824,2.05,1,2023-01-25
329,26,M,경기,7,323748,2.35,0,2023-05-12
330,37,M,서울,5,1085023,2.02,1,2023-06-28
331,46,M,경기,8,380231,3.09,0,2023-05-25
332,53,M,대구,5,222234,3.53,0,2023-12-30
333,46,M,경기,11,27699,3.31,1,2023-07-17
334,36,M,경기,4,812900,2.04,0,2023-11-21
335,62,M,경기,5,366732,4.64,0,2023-03-25
336,63,F,서울,7,410966,1.78,0,2023-06-06
337,43,F,경기,5,474957,2.59,0,2023-03-26
338,44,F,서울,10,413193,4.58,0,2023-09-10
339,26,F,서울,5,174544,4.77,0,2023-03-13
340,25,M,서울,5,396851,3.16,0,2023-08-11
341,43,F,경기,4,294270,1.27,0,2023-10-03
342,52,F,대구,8,1154556,3.67,1,2023-10-10
343,68,M,서울,9,486544,1.75,0,2023-09-21
344,48,M,경기,5,25353,1.43,1,2023-09-03
345,62,F,부산,4,142873,3.8,0,2023-12-07
346,41,F,서울,6,21200,2.95,1,2023-03-02
347,45,M,대구,6,64601,2.39,1,2023-09-16
348,47,F,경기,11,275947,3.15,0,2023-01-07
349,69,M,경기,5,621018,4.91,0,2023-07-07
350,40,M,부산,8,38290,4.86,0,2023-01-04
351,68,M,서울,7,359892,3.17,1,2023-08-19
352,26,M,부산,11,725328,2.06,0,2023-05-13
353,36,F,경기,10,505088,2.41,0,2023-05-05
354,39,M,대구,7,219983,2.08,0,2023-01-15
355,60,M,서울,4,885919,3.63,1,2023-01-13
356,68,F,경기,5,221879,3.63,0,2023-04-28
357,39,M,부산,4,51625,2.96,0,2023-08-28
358,41,F,서울,7,39969,3.33,0,2023-09-20
359,47,F,경기,8,125225,2.05,1,2023-12-26
360,59,F,부산,6,129661,3.13,0,2023-01-06
361,68,M,대구,0,800055,2.36,0,2023-11-16
362,26,F,경기,4,482349,3.37,0,2023-08-19
363,20,F,대구,4,170114,3.9,0,2023-01-30
364,51,M,기타,7,407637,3.53,1,2023-01-22
365,32,F,대구,9,92614,3.05,0,2023-06-05
366,49,F,서울,5,365577,3.92,0,2023-04-28
367,42,F,부산,5,974018,2.34,1,2023-12-06
368,38,F,경기,4,163798,1.3,1,2023-07-12
369,51,F,기타,3,12816,3.7,0,2023-12-12
370,49,M,경기,7,293361,2.01,0,2023-07-14
371,48,F,서울,9,496024,4.38,1,2023-06-17
372,68,F,부산,2,154315,4.19,0,2023-08-27
373,64,M,경기,8,619516,4.66,1,2023-12-28
374,48,M,기타,7,479923,4.83,1,2023-09-01
375,49,M,기타,8,86537,1.04,0,2023-03-10
376,35,F,부산,4,304229,5.0,1,2023-04-05
377,59,M,서울,5,167644,4.23,0,2023-03-18
378,38,F,부산,9,636700,3.77,0,2023-06-20
379,37,F,서울,3,972522,1.76,0,2023-01-01
380,20,M,서울,4,1340964,4.94,1,2023-03-03
381,33,M,대구,5,381010,1.58,0,2023-07-26
382,66,F,서울,4,263838,5.0,0,2023-06-03
383,69,M,경기,3,701282,1.06,1,2023-10-01
384,21,F,기타,9,839602,3.78,0,2023-02-17
385,47,M,경기,6,86304,2.74,0,2023-05-17
386,68,M,서울,5,459586,2.3,1,2023-01-01
387,69,M,기타,4,701952,1.43,1,2023-08-23
388,49,F,서울,7,682250,3.46,1,2023-09-13
389,57,M,대구,5,174435,1.49,1,2023-04-17
390,23,F,기타,9,265097,3.15,0,2023-06-22
391,20,F,기타,5,476763,3.7,0,2023-05-10
392,27,F,부산,8,193352,4.51,0,2023-10-21
393,48,F,경기,7,472943,3.91,0,2023-02-09
394,58,M,서울,2,133831,1.76,0,2023-12-04
395,22,F,대구,3,1675774,2.43,1,2023-01-16
396,51,F,대구,2,229025,2.35,0,2023-05-07
397,29,M,경기,5,271863,4.66,0,2023-12-15
398,29,F,서울,3,9559,5.0,0,2023-07-22
399,38,M,서울,3,55996,2.98,0,2023-05-14
400,65,F,서울,6,300664,1.98,0,2023-09-16
401,53,M,부산,6,163351,4.58,0,2023-01-14
402,52,F,경기,6,212883,4.75,0,2023-03-07
403,42,M,기타,7,19512,4.42,0,2023-12-17
404,47,F,부산,6,1077950,4.58,1,2023-12-08
405,51,F,서울,2,920892,3.62,1,2023-07-14
406,69,M,부산,6,61500,1.71,0,2023-04-24
407,26,M,경기,5,603613,2.91,1,2023-06-08
408,48,M,부산,6,511645,2.98,0,2023-06-10
409,27,M,부산,4,307208,2.96,0,2023-09-11
410,20,F,대구,4,111492,3.36,0,2023-01-15
411,22,F,대구,7,320231,2.23,0,2023-02-06
412,43,M,서울,6,141784,2.96,1,2023-06-04
413,42,F,서울,7,114930,3.44,0,2023-01-27
414,27,M,부산,4,164717,1.52,1,2023-01-12
415,66,M,서울,3,244205,3.32,0,2023-03-08
416,56,F,경기,6,34363,4.44,0,2023-01-30
417,22,F,서울,7,1624624,5.0,1,2023-04-06
418,52,F,부산,8,121720,2.85,0,2023-08-03
419,47,F,서울,5,74143,3.78,0,2023-07-13
420,66,F,부산,3,205881,1.33,0,2023-05-15
421,27,F,기타,6,97303,3.9,0,2023-10-17
422,53,F,서울,3,229653,3.32,0,2023-02-01
423,54,M,서울,3,128548,3.28,0,2023-02-08
424,51,M,경기,3,42492,4.49,0,2023-12-18
425,43,M,대구,6,92731,2.85,0,2023-07-25
426,33,M,서울,4,173111,1.58,0,2023-02-12
427,51,M,경기,1,9228,1.91,0,2023-12-03
428,65,F,서울,5,441742,3.6,0,2023-09-16
429,62,M,대구,10,291719,2.7,0,2023-09-06
430,35,M,경기,4,275909,4.44,0,2023-03-15
431,23,M,대구,9,236930,3.17,0,2023-11-15
432,56,M,기타,2,267709,3.76,0,2023-10-23
433,40,M,서울,7,818408,3.38,0,2023-10-01
434,33,M,대구,9,2582,2.76,0,2023-11-19
435,50,M,서울,8,14694,3.29,0,2023-12-25
436,67,F,대구,2,63770,2.84,0,2023-07-09
437,37,F,부산,3,54925,3.35,0,2023-05-18
438,26,M,대구,3,59973,2.0,0,2023-10-29
439,29,F,서울,4,334371,5.0,0,2023-11-07
440,26,F,서울,2,184569,3.03,0,2023-11-27
441,52,F,경기,6,1440315,1.79,0,2023-12-19
442,42,F,경기,4,77199,1.59,0,2023-10-09
443,40,M,서울,8,223360,1.55,1,2023-06-15
444,38,F,경기,5,1245098,2.89,0,2023-10-05
445,67,F,서울,6,1069412,2.45,1,2023-01-26
446,38,F,경기,4,380700,1.29,1,2023-03-14
447,55,M,대구,3,242633,3.08,0,2023-04-25
448,48,M,경기,5,555793,3.72,0,2023-02-20
449,37,M,서울,2,196744,1.84,0,2023-06-20
450,21,M,경기,7,69211,2.84,0,2023-09-25
451,20,M,서울,3,528855,4.47,0,2023-01-03
452,66,M,기타,7,463019,4.94,1,2023-07-29
453,24,M,서울,3,99663,4.17,1,2023-12-04
454,39,F,부산,4,211315,2.18,0,2023-10-28
455,30,F,기타,4,159923,4.07,0,2023-12-08
456,61,F,대구,6,628287,3.59,0,2023-04-25
457,21,M,부산,4,80843,1.85,1,2023-06-16
458,22,M,대구,2,1248673,4.4,1,2023-09-22
459,42,M,기타,7,430723,2.71,1,2023-08-15
460,31,M,부산,5,155438,4.85,0,2023-05-31
461,39,M,부산,4,53009,3.89,0,2023-09-25
462,24,F,부산,6,362011,3.78,0,2023-04-26
463,56,F,경기,5,784395,4.11,0,2023-03-29
464,57,M,부산,2,282365,2.91,1,2023-11-14
465,49,M,경기,6,165915,3.02,1,2023-08-30
466,28,M,서울,4,242815,4.9,0,2023-12-26
467,53,M,서울,6,477164,4.22,0,2023-11-25
468,63,F,서울,6,1132,5.0,0,2023-11-29
469,54,M,서울,6,598789,5.0,1,2023-02-09
470,41,M,서울,7,272286,5.0,0,2023-07-01
471,63,M,부산,6,114885,3.8,0,2023-07-28
472,43,M,서울,6,180128,3.51,0,2023-09-30
473,36,F,대구,8,85092,1.87,0,2023-04-29
474,29,M,서울,6,936062,4.32,1,2023-01-24
475,49,M,서울,4,301975,2.67,0,2023-09-15
476,65,F,부산,5,228243,2.33,0,2023-04-02
477,42,F,부산,7,149534,2.15,0,2023-06-10
478,51,F,서울,9,103333,5.0,0,2023-05-29
479,36,M,대구,7,519035,4.47,0,2023-04-27
480,69,M,대구,3,180120,3.52,0,2023-02-22
481,36,F,경기,9,208814,3.09,0,2023-10-29
482,33,F,경기,6,441418,3.89,1,2023-02-14
483,28,F,기타,3,178462,3.63,0,2023-09-22
484,59,F,부산,8,88750,2.86,0,2023-09-19
485,21,F,경기,4,38466,2.72,0,2023-11-03
486,64,F,대구,7,31121,2.73,0,2023-08-22
487,44,M,서울,12,424980,3.86,0,2023-02-04
488,58,M,경기,6,151797,3.59,1,2023-12-04
489,28,M,서울,6,17185,3.31,0,2023-07-16
490,41,F,대구,5,479130,5.0,0,2023-01-25
491,62,F,부산,4,50193,1.54,0,2023-07-21
492,65,F,부산,2,294366,2.59,0,2023-09-30
493,23,F,서울,6,124039,3.38,0,2023-02-05
494,45,F,서울,8,40567,1.77,0,2023-08-11
495,48,F,경기,7,160577,2.66,0,2023-12-18
496,64,M,부산,5,4476,2.09,0,2023-10-04
497,53,M,경기,5,551740,3.02,0,2023-01-18
498,42,F,서울,7,216154,3.05,0,2023-07-07
499,56,M,대구,5,44954,3.9,0,2023-09-14
500,30,F,서울,2,81141,3.74,0,2023-05-22
501,25,M,기타,3,178249,1.52,0,2023-05-16
502,37,F,서울,1,125596,4.7,1,2023-11-03
503,40,F,부산,5,93838,1.6,0,2023-03-20
504,61,M,서울,3,229319,4.86,0,2023-10-19
505,55,M,기타,5,536227,4.73,0,2023-03-03
506,60,F,경기,6,308338,2.49,1,2023-05-09
507,57,F,서울,5,757333,5.0,1,2023-12-07
508,53,M,경기,4,627902,4.17,0,2023-10-25
509,36,M,서울,5,73119,5.0,0,2023-09-14
510,56,F,서울,6,987636,4.37,1,2023-07-31
511,44,M,기타,5,424905,1.94,0,2023-02-23
512,57,F,경기,1,132454,4.78,0,2023-06-24
513,31,F,대구,3,2734970,1.94,1,2023-04-10
514,42,F,부산,7,91376,2.05,0,2023-02-08
515,61,F,부산,5,88232,2.28,0,2023-09-20
516,41,M,서울,6,887728,2.72,1,2023-05-30
517,40,M,서울,5,171097,3.56,0,2023-05-01
518,46,M,대구,7,120499,3.85,0,2023-06-27
519,50,M,기타,4,59046,4.7,0,2023-10-28
520,25,M,서울,5,434876,1.85,0,2023-11-26
521,46,M,서울,11,462985,5.0,0,2023-04-30
522,59,M,경기,3,250803,4.69,0,2023-03-13
523,53,F,기타,6,946163,1.42,0,2023-08-07
524,31,M,서울,3,229779,2.94,1,2023-10-29
525,64,M,경기,8,74392,4.25,0,2023-05-03
526,26,F,대구,5,678929,3.65,1,2023-09-01
527,29,M,서울,5,852305,4.62,1,2023-03-16
528,64,M,서울,3,76431,4.38,0,2023-01-06
529,36,F,부산,5,23911,3.19,0,2023-01-21
530,45,M,기타,4,998072,1.16,1,2023-07-09
531,40,M,서울,6,1125252,3.84,0,2023-08-13
532,47,M,경기,10,310414,1.19,0,2023-04-13
533,65,F,경기,4,97664,3.61,0,2023-12-10
534,21,M,경기,6,3423340,4.2,1,2023-04-09
535,62,M,부산,8,671226,3.34,0,2023-11-14
536,20,F,경기,2,216082,5.0,0,2023-12-29
537,55,M,경기,3,523442,2.82,0,2023-03-24
538,45,F,경기,9,1015107,4.2,1,2023-06-30
539,48,F,부산,6,819084,3.87,0,2023-06-01
540,40,M,경기,10,551512,4.97,0,2023-02-25
541,30,F,대구,4,309577,4.05,0,2023-07-09
542,59,F,서울,4,281947,2.36,0,2023-01-22
543,30,M,대구,4,188971,4.82,0,2023-03-09
544,55,F,대구,6,295440,3.87,0,2023-07-04
545,68,F,서울,7,475741,1.94,0,2023-01-10
546,58,M,경기,2,2084990,3.63,1,2023-03-07
547,59,M,경기,5,188932,4.53,0,2023-09-21
548,54,M,서울,5,255751,3.81,0,2023-08-13
549,53,F,경기,5,353062,2.62,1,2023-05-03
550,66,M,서울,4,331228,4.78,0,2023-02-07
551,43,F,서울,8,298211,4.83,0,2023-05-03
552,41,F,대구,6,10797,3.38,1,2023-11-14
553,24,F,서울,5,233717,2.32,0,2023-06-05
554,52,F,대구,4,27795,2.2,0,2023-10-28
555,55,F,경기,3,8021,4.15,0,2023-11-17
556,66,F,대구,3,469909,4.42,0,2023-03-08
557,39,F,부산,4,89785,2.32,0,2023-05-13
558,38,M,서울,3,249905,2.97,1,2023-12-28
559,54,M,부산,7,19869,1.31,0,2023-05-20
560,62,F,서울,7,59353,4.55,0,2023-03-23
561,36,F,경기,6,435224,1.21,0,2023-02-27
562,64,M,기타,5,408175,1.19,1,2023-05-29
563,62,F,서울,4,1275510,1.72,1,2023-05-11
564,53,M,경기,4,151872,3.58,0,2023-03-10
565,28,M,부산,7,187760,2.67,1,2023-12-11
566,45,M,대구,8,256258,2.19,1,2023-09-07
567,21,F,부산,3,374243,4.85,0,2023-11-16
568,28,F,서울,4,242908,2.47,0,2023-06-26
569,28,M,부산,4,703620,2.56,0,2023-03-13
570,59,M,서울,4,553036,5.0,1,2023-01-17
571,36,M,부산,7,407568,2.71,1,2023-11-25
572,20,M,기타,6,462187,3.22,0,2023-06-09
573,44,M,부산,9,884276,1.32,0,2023-03-11
574,62,F,대구,3,131945,4.36,0,2023-04-23
575,59,M,서울,5,172510,3.19,1,2023-08-20
576,61,F,부산,5,574607,4.4,1,2023-01-21
577,44,M,대구,6,207269,2.02,0,2023-05-15
578,58,F,서울,5,1358062,3.39,0,2023-09-20
579,54,F,대구,2,186171,4.35,0,2023-04-21
580,22,F,서울,6,46343,5.0,1,2023-09-03
581,69,F,부산,2,1136531,1.44,0,2023-10-10
582,56,F,대구,3,556576,4.45,0,2023-01-08
583,63,F,부산,3,117792,2.4,1,2023-10-11
584,63,M,서울,5,704920,3.7,0,2023-07-26
585,49,F,부산,2,249916,2.36,1,2023-07-13
586,57,M,경기,9,142017,3.45,0,2023-02-16
587,53,F,기타,4,710590,2.62,0,2023-12-08
588,31,F,경기,2,453161,2.53,1,2023-08-30
589,38,M,경기,5,44468,1.15,0,2023-01-10
590,56,F,부산,3,138162,1.79,0,2023-10-16
591,63,M,경기,2,384145,4.67,0,2023-05-11
592,68,M,부산,5,57415,4.99,0,2023-09-27
593,36,M,부산,5,267649,4.12,0,2023-10-29
594,29,M,대구,3,713006,2.15,1,2023-03-02
595,68,F,부산,4,252823,2.81,1,2023-06-13
596,66,F,경기,2,710268,4.16,1,2023-01-13
597,31,M,서울,9,646786,5.0,0,2023-09-29
598,35,F,서울,13,383328,3.52,1,2023-07-27
599,43,F,서울,6,289644,5.0,1,2023-09-03
600,38,M,서울,3,86768,5.0,0,2023-05-13
601,27,F,부산,9,278058,4.69,0,2023-09-01
602,50,M,부산,2,635709,1.91,0,2023-10-21
603,40,M,경기,6,235525,1.03,1,2023-02-07
604,36,F,대구,7,151371,3.17,0,2023-12-25
605,42,F,기타,5,313158,3.33,1,2023-02-25
606,56,F,대구,4,246849,2.01,0,2023-11-15
607,35,M,부산,7,155580,2.14,1,2023-02-17
608,25,M,경기,3,518148,4.06,0,2023-04-15
609,27,F,경기,8,105124,3.08,0,2023-02-28
610,44,F,서울,8,366603,2.97,0,2023-03-18
611,37,F,경기,6,215980,3.69,0,2023-08-06
612,44,F,기타,10,528985,3.81,1,2023-02-24
613,31,M,대구,3,118784,4.08,1,2023-02-24
614,34,F,서울,6,398434,2.33,0,2023-05-09
615,45,M,경기,7,62706,3.97,0,2023-03-26
616,60,M,대구,8,36133,3.4,0,2023-08-02
617,64,F,서울,10,237347,1.93,0,2023-04-25
618,45,F,경기,4,370636,4.31,0,2023-11-10
619,66,F,대구,4,30799,2.73,1,2023-10-20
620,51,M,경기,6,43152,2.32,1,2023-02-18
621,29,F,서울,4,486877,3.49,0,2023-03-08
622,35,F,경기,6,496696,2.58,0,2023-10-02
623,26,M,대구,4,84432,2.35,0,2023-05-09
624,36,F,부산,7,286531,4.43,0,2023-01-29
625,42,M,서울,7,175654,2.0,0,2023-12-09
626,45,F,경기,3,300470,5.0,0,2023-02-02
627,40,M,경기,6,596068,3.22,0,2023-04-29
628,41,F,부산,14,24968,1.93,0,2023-06-29
629,26,F,대구,10,451502,1.72,0,2023-05-31
630,33,M,서울,4,203791,3.87,0,2023-05-13
631,34,M,대구,3,249121,3.53,0,2023-11-23
632,26,F,서울,6,636671,1.91,1,2023-07-04
633,28,M,경기,6,1535441,1.97,1,2023-05-14
634,67,M,서울,5,35035,4.68,1,2023-06-26
635,27,M,경기,2,8976,1.2,0,2023-01-22
636,69,M,경기,9,58900,4.42,0,2023-08-29
637,42,F,경기,8,1290360,3.83,0,2023-03-18
638,48,F,서울,6,376660,3.44,0,2023-07-23
639,37,M,부산,6,572148,2.39,1,2023-01-04
640,50,M,서울,8,14454,1.58,0,2023-11-24
641,49,M,대구,4,633863,4.3,0,2023-06-14
642,58,M,기타,2,502604,1.57,0,2023-05-08
643,54,F,경기,6,327908,2.44,0,2023-02-14
644,37,F,경기,6,248520,3.48,1,2023-08-06
645,61,M,경기,4,21934,1.98,0,2023-08-23
646,58,M,서울,9,260278,3.49,0,2023-05-16
647,36,M,경기,3,381563,4.24,0,2023-06-17
648,33,F,대구,5,59389,3.08,1,2023-08-25
649,50,M,부산,8,301346,4.8,0,2023-04-03
650,43,F,서울,7,101216,5.0,0,2023-01-05
651,54,M,대구,5,433488,2.33,0,2023-06-05
652,63,F,경기,7,465416,2.8,1,2023-09-02
653,64,M,대구,4,41447,2.69,0,2023-12-26
654,53,F,부산,6,224293,3.7,0,2023-03-22
655,22,M,부산,5,302247,2.15,1,2023-09-04
656,56,M,서울,6,119331,5.0,1,2023-12-09
657,62,M,서울,5,552630,3.93,0,2023-05-17
658,59,F,기타,5,6654,2.8,1,2023-03-04
659,45,M,서울,6,112246,4.08,0,2023-11-03
660,42,F,기타,6,7605,2.78,1,2023-04-26
661,63,F,경기,5,30280,4.47,0,2023-04-23
662,58,M,서울,3,105761,3.77,0,2023-01-31
663,34,M,서울,5,33480,1.67,1,2023-01-07
664,68,M,서울,7,544741,2.21,1,2023-01-03
665,23,F,기타,3,27261,4.66,0,2023-11-03
666,48,M,경기,2,725821,3.25,1,2023-08-31
667,41,F,경기,7,16224,5.0,0,2023-02-25
668,44,F,경기,6,36684,1.49,1,2023-03-14
669,32,M,서울,1,109294,2.68,0,2023-01-10
670,37,M,경기,5,680662,1.77,0,2023-03-02
671,52,M,서울,5,307659,3.72,0,2023-02-19
672,35,M,대구,3,441074,2.53,0,2023-05-02
673,64,M,경기,1,45789,1.63,0,2023-06-24
674,61,M,경기,5,538957,3.57,0,2023-01-01
675,63,F,경기,11,2454,3.35,0,2023-02-07
676,21,F,경기,5,143760,2.3,1,2023-07-09
677,54,F,기타,5,287206,3.12,0,2023-03-20
678,61,M,경기,7,141119,3.98,0,2023-12-11
679,53,F,서울,4,1244198,2.52,0,2023-12-04
680,49,F,부산,3,9243,2.37,0,2023-07-09
681,32,F,서울,5,1970993,3.08,0,2023-07-03
682,32,F,서울,7,293153,4.69,0,2023-03-08
683,37,F,기타,3,245414,4.59,0,2023-01-17
684,51,M,대구,3,18407,2.51,0,2023-11-12
685,51,M,기타,9,95784,2.19,0,2023-10-23
686,54,F,경기,1,775734,4.76,0,2023-07-28
687,58,F,경기,6,262402,5.0,1,2023-12-11
688,65,F,서울,6,325105,4.38,0,2023-02-10
689,48,M,서울,7,4556178,5.0,1,2023-04-25
690,68,M,대구,4,91579,3.64,0,2023-04-10
691,48,F,경기,9,514928,4.13,1,2023-12-11
692,63,M,대구,7,357651,2.55,0,2023-12-15
693,35,M,부산,6,53963,2.73,0,2023-05-19
694,63,F,서울,5,96575,2.28,1,2023-11-12
695,66,M,경기,3,182812,4.29,0,2023-11-20
696,29,M,부산,5,146237,4.72,0,2023-11-30
697,49,F,서울,5,375755,4.19,0,2023-10-29
698,44,M,대구,3,43226,2.37,1,2023-10-21
699,58,M,경기,2,1074456,1.62,0,2023-01-17
700,39,F,서울,6,4314,2.76,0,2023-11-18
701,24,M,부산,4,551753,2.02,1,2023-10-19
702,20,M,기타,9,248095,3.45,0,2023-03-15
703,49,F,서울,6,86818,5.0,1,2023-09-20
704,68,F,대구,6,49079,1.39,0,2023-01-16
705,22,F,서울,8,944088,1.7,1,2023-01-14
706,64,M,대구,5,655607,3.4,0,2023-12-02
707,33,F,부산,3,99811,2.34,0,2023-10-08
708,49,M,경기,6,172857,4.52,0,2023-12-27
709,69,F,경기,3,131549,2.51,0,2023-01-04
710,23,M,대구,6,22594,2.16,0,2023-05-07
711,37,F,경기,6,335526,2.28,0,2023-11-08
712,56,F,부산,9,523222,1.78,0,2023-01-06
713,44,F,서울,7,109101,4.03,0,2023-05-09
714,67,F,대구,5,1386872,1.87,0,2023-08-20
715,20,M,부산,3,23665,2.7,0,2023-11-09
716,65,F,기타,8,325227,3.04,0,2023-07-14
717,34,F,서울,6,178386,1.78,0,2023-03-06
718,28,M,부산,5,177503,1.07,0,2023-11-17
719,34,F,부산,1,183551,3.28,0,2023-04-13
720,68,M,경기,3,179595,3.78,1,2023-10-04
721,43,F,경기,4,377173,4.97,0,2023-06-07
722,23,F,서울,7,383584,2.42,0,2023-08-12
723,31,F,부산,2,99552,1.61,0,2023-10-16
724,56,M,경기,2,1082201,1.21,1,2023-10-05
725,56,F,서울,8,114310,3.44,0,2023-07-01
726,62,F,부산,3,774794,3.69,1,2023-01-04
727,25,F,경기,6,38691,4.56,0,2023-08-03
728,58,M,서울,6,110860,4.23,1,2023-08-05
729,65,M,기타,2,113850,1.83,0,2023-07-28
730,43,F,기타,7,270327,3.05,0,2023-03-15
731,30,M,경기,2,311124,4.64,0,2023-08-15
732,32,F,서울,2,302863,3.01,1,2023-04-03
733,53,F,대구,5,48621,3.19,1,2023-03-06
734,44,F,경기,6,140346,5.0,0,2023-11-17
735,26,F,경기,3,350165,4.14,0,2023-01-10
736,23,F,경기,5,333505,4.19,0,2023-10-30
737,27,F,경기,8,52376,2.21,0,2023-11-18
738,39,F,부산,7,2344,2.86,0,2023-11-01
739,48,M,경기,7,419488,1.33,0,2023-10-05
740,64,M,부산,6,67477,3.43,1,2023-03-27
741,65,M,기타,3,25781,1.41,0,2023-01-26
742,29,M,경기,5,811,4.34,0,2023-08-06
743,62,M,부산,8,170008,4.26,0,2023-04-05
744,53,M,대구,5,419818,3.13,1,2023-09-01
745,45,M,경기,8,609110,1.56,1,2023-04-17
746,60,F,경기,5,105320,1.3,0,2023-09-05
747,68,F,부산,5,743604,4.39,1,2023-01-14
748,22,F,부산,7,111315,3.6,1,2023-06-10
749,25,F,대구,5,535120,4.04,0,2023-03-12
750,24,M,경기,4,254483,2.22,0,2023-06-01
751,24,M,기타,7,526083,3.04,1,2023-03-16
752,66,F,서울,6,70631,4.69,0,2023-08-03
753,42,F,서울,11,23100,3.55,0,2023-02-20
754,68,M,부산,4,187492,3.41,0,2023-05-23
755,28,F,서울,1,286831,4.86,0,2023-02-05
756,54,F,서울,8,59923,2.56,1,2023-06-16
757,39,F,경기,5,901944,1.46,0,2023-08-24
758,68,F,서울,6,1179888,3.83,0,2023-09-17
759,61,M,서울,5,473077,1.75,1,2023-07-11
760,54,F,기타,6,899135,4.27,0,2023-07-21
761,69,F,서울,8,59332,4.58,0,2023-09-19
762,37,M,부산,2,15450,4.53,1,2023-07-04
763,36,M,대구,4,12062,3.56,0,2023-06-07
764,43,F,기타,3,265665,1.47,0,2023-09-03
765,22,M,서울,6,19087,2.51,0,2023-04-20
766,51,F,대구,8,954948,4.43,0,2023-04-09
767,54,F,경기,7,91844,1.87,1,2023-08-29
768,57,M,부산,6,109033,3.79,0,2023-07-21
769,32,F,부산,4,518665,4.32,0,2023-05-02
770,66,F,대구,3,74054,2.52,0,2023-04-27
771,44,F,경기,8,83505,2.49,0,2023-04-06
772,28,F,부산,6,616851,3.43,1,2023-08-22
773,23,M,경기,3,193850,4.45,1,2023-03-08
774,33,M,대구,1,147117,1.9,1,2023-08-06
775,56,F,기타,8,87980,4.97,0,2023-01-15
776,53,M,서울,2,404769,3.9,1,2023-09-30
777,30,F,기타,5,1015301,5.0,0,2023-08-07
778,60,F,서울,4,1071125,2.06,1,2023-10-01
779,22,F,서울,6,200957,2.21,1,2023-05-27
780,47,F,서울,6,135472,5.0,0,2023-11-28
781,48,F,경기,7,187373,4.66,0,2023-12-10
782,28,M,부산,5,1157966,2.78,0,2023-06-01
783,22,F,서울,6,56764,4.56,0,2023-12-13
784,44,M,서울,5,265417,4.97,1,2023-10-31
785,53,M,기타,5,392163,1.17,0,2023-01-15
786,31,F,대구,5,996802,3.5,0,2023-12-20
787,61,F,대구,4,50765,4.61,0,2023-03-25
788,28,F,대구,4,154781,2.79,1,2023-07-11
789,34,F,부산,4,76737,2.41,0,2023-02-10
790,59,F,서울,4,6346,4.88,0,2023-12-18
791,44,M,경기,8,277990,2.34,0,2023-11-20
792,24,F,부산,6,333239,1.21,0,2023-09-18
793,30,F,서울,6,276788,5.0,0,2023-11-05
794,53,M,부산,7,44397,3.37,1,2023-05-16
795,43,M,서울,7,21523,4.78,0,2023-10-05
796,34,F,경기,8,70864,4.5,0,2023-04-16
797,57,M,경기,4,102872,1.27,0,2023-01-07
798,27,F,부산,5,463297,1.88,0,2023-10-29
799,24,M,부산,1,52088,2.24,0,2023-01-30
800,67,M,부산,7,13528,2.28,0,2023-05-06
801,45,F,서울,7,150256,4.34,0,2023-12-23
802,37,M,서울,9,161558,3.99,0,2023-03-20
803,25,M,대구,5,179846,2.98,0,2023-03-08
804,56,M,부산,8,1052344,1.85,1,2023-01-23
805,67,M,서울,9,30944,3.03,0,2023-07-08
806,32,M,대구,5,730320,3.17,1,2023-03-15
807,47,M,서울,11,247445,3.37,1,2023-01-05
808,24,F,경기,5,111310,1.71,0,2023-03-23
809,32,F,서울,6,1617760,4.3,1,2023-01-25
810,36,M,부산,3,85693,1.29,0,2023-09-21
811,69,F,부산,5,308613,2.71,0,2023-01-02
812,59,F,서울,5,96528,4.54,0,2023-10-05
813,64,F,대구,8,212261,1.28,0,2023-11-24
814,51,M,경기,7,462945,3.28,0,2023-12-09
815,48,F,서울,10,640417,3.04,0,2023-08-12
816,22,M,서울,12,547342,1.54,0,2023-03-13
817,59,F,서울,2,261812,2.46,0,2023-03-09
818,53,M,서울,6,85832,5.0,0,2023-11-16
819,59,M,부산,4,324733,3.08,0,2023-04-04
820,46,F,대구,9,371264,5.0,0,2023-01-19
821,32,F,경기,4,3225,3.3,0,2023-05-08
822,64,M,서울,4,173523,3.68,0,2023-12-09
823,52,F,서울,3,555954,3.27,0,2023-03-23
824,25,F,서울,6,403522,2.94,1,2023-09-11
825,43,F,경기,8,223835,2.21,1,2023-08-09
826,38,M,대구,4,616244,2.37,0,2023-12-09
827,35,M,서울,7,101677,3.34,1,2023-04-07
828,59,F,부산,6,69370,1.97,0,2023-02-21
829,47,F,대구,8,348823,2.1,0,2023-06-24
830,52,F,경기,6,260723,2.29,1,2023-12-04
831,67,M,대구,2,374500,2.8,0,2023-07-01
832,60,M,부산,4,102974,3.61,1,2023-12-19
833,32,F,부산,2,87214,4.62,0,2023-04-25
834,62,F,경기,4,51111,2.35,0,2023-12-14
835,64,F,경기,4,916710,1.93,0,2023-01-01
836,44,F,서울,5,155962,3.22,0,2023-03-04
837,61,F,경기,5,123394,4.78,0,2023-09-05
838,55,F,서울,6,4291,1.74,0,2023-08-19
839,46,M,부산,6,99929,3.71,1,2023-08-14
840,57,F,서울,4,164006,3.61,0,2023-01-19
841,26,M,기타,2,21289,1.64,0,2023-01-31
842,24,F,부산,9,214458,2.48,0,2023-11-29
843,62,F,경기,9,364199,2.1,1,2023-05-01
844,64,M,서울,8,437232,5.0,0,2023-01-24
845,50,M,대구,6,323469,2.93,0,2023-11-21
846,42,M,대구,10,354297,3.25,1,2023-07-30
847,61,M,부산,4,76336,3.37,0,2023-06-10
848,29,F,서울,7,389335,4.26,0,2023-09-12
849,51,M,경기,6,738318,2.98,1,2023-02-28
850,62,F,서울,6,99843,1.77,1,2023-04-24
851,49,M,서울,9,738657,2.84,0,2023-06-09
852,58,F,대구,2,19972,1.94,0,2023-08-08
853,50,F,부산,7,33966,3.92,1,2023-12-23
854,37,F,부산,6,62237,1.43,0,2023-06-18
855,55,F,대구,6,1441183,3.46,1,2023-01-12
856,21,F,부산,6,220190,2.04,0,2023-08-30
857,33,F,경기,5,465267,5.0,0,2023-05-19
858,32,M,경기,7,77570,2.34,0,2023-04-07
859,48,F,기타,7,404268,2.5,1,2023-05-27
860,31,M,서울,9,266171,5.0,1,2023-07-01
861,58,M,기타,6,527779,2.67,0,2023-02-26
862,21,F,대구,5,13718,5.0,1,2023-02-11
863,51,M,서울,3,83852,1.6,0,2023-12-20
864,32,F,부산,10,49666,2.43,0,2023-07-18
865,65,M,대구,3,1176202,3.66,1,2023-01-31
866,46,F,부산,6,378153,4.76,1,2023-06-29
867,68,M,기타,4,310730,2.03,1,2023-01-02
868,60,F,기타,5,358138,4.92,1,2023-10-15
869,36,F,경기,8,1071858,3.58,0,2023-05-18
870,59,F,경기,2,569671,4.4,0,2023-04-15
871,50,F,기타,12,735258,2.79,1,2023-08-06
872,53,M,부산,4,102950,1.85,0,2023-08-10
873,43,F,서울,4,54159,5.0,0,2023-11-27
874,64,M,서울,3,763143,5.0,0,2023-04-15
875,54,M,부산,1,165013,2.99,0,2023-05-07
876,67,M,기타,8,196067,1.03,1,2023-09-22
877,25,F,대구,8,190985,1.64,0,2023-07-19
878,38,M,부산,6,1499506,3.29,1,2023-09-09
879,49,M,서울,5,146850,1.6,0,2023-01-15
880,26,M,서울,5,248100,3.09,0,2023-08-14
881,29,F,대구,5,487314,2.41,0,2023-12-19
882,60,F,서울,5,167130,4.56,0,2023-04-15
883,51,M,서울,3,79793,1.72,0,2023-08-21
884,53,F,서울,9,1562310,3.65,0,2023-11-15
885,47,F,부산,8,940987,3.52,0,2023-08-07
886,34,M,기타,7,556370,3.47,0,2023-10-04
887,49,M,서울,7,349785,3.12,0,2023-09-18
888,56,F,경기,4,104810,2.42,0,2023-12-07
889,48,M,부산,6,733981,3.73,0,2023-12-02
890,41,F,기타,5,96706,4.59,0,2023-07-09
891,23,F,서울,11,968096,4.47,1,2023-07-17
892,39,F,경기,4,751257,4.93,0,2023-12-19
893,51,F,경기,6,554297,4.07,1,2023-10-04
894,55,F,대구,8,974902,4.26,1,2023-12-02
895,69,F,경기,4,470626,1.87,0,2023-02-08
896,23,M,서울,10,128776,3.18,1,2023-06-11
897,46,M,부산,6,330718,2.94,0,2023-05-01
898,36,F,대구,6,58877,2.23,1,2023-09-19
899,31,F,서울,6,425383,3.81,1,2023-08-04
900,41,F,대구,7,53105,2.36,0,2023-11-08
901,36,M,서울,4,161536,4.25,0,2023-02-18
902,29,F,부산,7,536896,3.08,0,2023-04-02
903,20,M,경기,3,1306740,2.84,0,2023-05-09
904,41,F,부산,8,114800,5.0,0,2023-11-17
905,45,F,경기,7,227758,2.77,0,2023-01-28
906,37,M,대구,2,214801,2.45,0,2023-12-22
907,69,M,부산,5,926364,2.27,0,2023-05-28
908,33,F,부산,1,390724,4.78,1,2023-11-24
909,66,F,대구,3,720599,3.19,1,2023-03-06
910,48,F,대구,8,764504,3.6,0,2023-08-06
911,31,M,서울,6,140224,2.22,0,2023-02-20
912,55,M,경기,12,697211,3.16,0,2023-11-01
913,54,M,기타,3,748328,2.1,0,2023-03-15
914,31,M,서울,4,1601262,4.42,1,2023-07-18
915,26,M,부산,3,94597,4.33,0,2023-07-11
916,48,M,기타,6,153426,3.86,0,2023-07-08
917,30,F,서울,0,1225963,4.62,1,2023-01-12
918,52,F,부산,7,266987,3.25,1,2023-08-27
919,25,M,경기,7,275077,3.85,0,2023-12-26
920,66,F,부산,3,37688,2.89,0,2023-03-22
921,34,F,서울,4,17376,4.31,0,2023-09-27
922,51,M,서울,6,159305,2.54,0,2023-10-17
923,30,F,부산,4,518955,1.48,1,2023-02-17
924,42,M,대구,5,149619,2.65,0,2023-11-13
925,45,M,대구,6,258637,2.85,0,2023-07-28
926,53,F,경기,7,434268,2.23,1,2023-02-04
927,65,M,서울,5,694458,4.41,1,2023-04-29
928,53,M,부산,4,629092,1.29,1,2023-03-06
929,48,M,서울,13,165622,2.39,0,2023-11-11
930,23,M,기타,2,166013,3.99,0,2023-08-30
931,36,M,대구,4,45519,2.75,0,2023-02-05
932,54,M,부산,5,215994,3.82,0,2023-09-09
933,32,M,기타,4,265422,3.27,0,2023-08-31
934,60,M,서울,4,194159,5.0,0,2023-02-11
935,58,F,부산,1,118227,3.59,0,2023-03-10
936,34,F,경기,2,767322,1.26,1,2023-04-17
937,48,F,기타,11,23279,2.61,0,2023-02-08
938,48,M,서울,8,1475125,2.07,1,2023-03-10
939,30,M,부산,7,6258,4.7,0,2023-06-29
940,51,F,대구,6,1967656,1.62,1,2023-01-12
941,21,F,서울,4,186167,3.25,0,2023-12-05
942,66,F,경기,10,319301,2.1,1,2023-07-23
943,33,M,대구,3,88893,4.39,0,2023-02-05
944,39,F,경기,9,3037,2.43,0,2023-05-06
945,41,F,서울,2,192777,5.0,1,2023-03-04
946,30,M,서울,8,34758,1.65,0,2023-11-28
947,46,F,서울,9,323485,2.21,0,2023-03-23
948,22,M,대구,1,230582,1.9,1,2023-11-03
949,36,M,부산,3,874492,4.24,1,2023-10-26
950,63,M,서울,4,69548,5.0,0,2023-02-03
951,47,F,경기,6,691481,1.49,0,2023-08-28
952,48,F,경기,7,222060,1.33,0,2023-04-07
953,40,M,서울,10,36483,4.48,0,2023-02-18
954,66,F,경기,8,307341,1.73,1,2023-05-26
955,35,F,경기,4,69489,1.73,0,2023-05-05
956,56,F,경기,1,66825,1.29,0,2023-07-08
957,39,F,부산,7,423581,1.4,1,2023-02-26
958,25,M,서울,3,334324,2.55,0,2023-12-15
959,38,F,부산,2,727827,1.46,0,2023-04-19
960,24,M,부산,7,209244,2.48,0,2023-01-05
961,22,M,부산,2,1012999,4.33,0,2023-01-24
962,20,F,부산,8,852311,2.51,0,2023-08-09
963,57,M,경기,6,600883,3.91,0,2023-11-11
964,34,F,대구,4,207931,1.58,0,2023-10-21
965,53,F,부산,6,45562,3.84,0,2023-01-10
966,54,M,경기,5,73734,2.27,0,2023-06-14
967,68,M,대구,3,312956,4.0,0,2023-08-03
968,44,M,부산,11,164327,1.55,0,2023-05-06
969,43,M,서울,7,47629,5.0,0,2023-09-24
970,31,F,서울,5,195598,2.67,0,2023-10-07
971,37,F,서울,6,5275,3.11,0,2023-03-29
972,34,F,대구,5,397160,5.0,0,2023-04-24
973,63,M,부산,4,22929,3.31,0,2023-01-21
974,35,M,기타,3,595116,2.46,1,2023-05-28
975,46,M,부산,4,472526,4.8,0,2023-09-02
976,27,F,경기,6,85383,2.52,1,2023-09-23
977,65,M,서울,3,438682,1.88,1,2023-08-05
978,44,F,부산,6,452969,5.0,0,2023-08-28
979,36,M,부산,6,90588,2.07,0,2023-08-20
980,48,F,기타,6,106699,4.61,1,2023-08-20
981,27,F,서울,7,123212,2.36,0,2023-08-30
982,34,M,경기,9,485403,3.93,1,2023-07-09
983,46,M,부산,12,256897,3.1,0,2023-08-17
984,65,F,부산,7,42081,5.0,0,2023-03-07
985,69,F,부산,6,183508,3.41,0,2023-10-06
986,26,M,대구,5,93708,1.1,0,2023-09-26
987,22,M,서울,4,553594,3.92,0,2023-07-28
988,48,F,부산,4,112878,1.78,0,2023-01-16
989,63,M,부산,3,1094710,4.19,1,2023-10-24
990,43,F,대구,6,335762,4.63,1,2023-08-08
991,22,F,대구,10,389030,3.13,0,2023-09-14
992,39,M,경기,2,428084,4.13,1,2023-09-25
993,65,M,서울,1,583657,2.08,1,2023-08-17
994,34,M,기타,4,301870,2.97,1,2023-04-29
995,44,M,경기,11,438573,2.58,0,2023-06-27
996,49,M,기타,8,332229,3.45,1,2023-01-20
997,33,F,서울,10,183449,1.88,0,2023-02-05
998,26,F,부산,6,218743,4.21,0,2023-12-01
999,36,M,대구,4,1069647,1.32,1,2023-04-18
1000,63,M,기타,4,323095,3.63,0,2023-07-08
